Noun,Verb,Replacement
දදය,ළෙලදෙන්න,කොඩිය
දදය,ගේන්න,කොඩිය
දදය,තියන්න,කොඩිය
දදය,තබන්න,කොඩිය
දද,තබන්න,කොඩිය
දදය,ගන්න,කොඩිය
දදය,වෙන්න,තුවාලය
දදය,පැසවන්න,තුවාලය
දදය,රිදෙන්න,තුවාලය
දදය,පැහවන්න,තුවාලය
දදය,කසන්න,තුවාලය
කොළ,දෙන්න,කොළ පැහැති
කොළ,ගෙනියන්න,කොළ පැහැති
කොළ,කඩන්න ,පත්‍ර
කොළ,කන්න,පත්‍ර
කොළ,ගලවන්න,පත්‍ර
කොළ,කන්න,පත්‍ර
ගෙදර,යන්න,නිවස